people_name_sponsors,bipartisan_rate1,bipartisan_rate2,weighted_bipartisan_rate2,bipartisan_rate3,weighted_bipartisan_rate3,bills_sponsored,introduced_num,passed_num,failed_num,vetoed_num,engrossed_num,enrolled_num,total_bills
Mike Gipson,0.3273226878899564,0.1733855195607724,0.22868482837795062,0.1297399976318123,0.16176392609573406,647,85,284,123,62,93,0,22226
Benjamin Allen,0.2797040461474163,0.14143632604262946,0.18775124345098568,0.10240786018206714,0.14006303775584755,574,65,253,110,50,95,1,22226
Ash Kalra,0.15906445874604563,0.04318522983379004,0.11151992540084521,0.043223761344986004,0.08113623940992577,585,84,277,73,66,85,0,17849
Cottie Petrie-Norris,0.3633992265205902,0.1897853217705033,0.25001451024423244,0.13965764197309122,0.17678399420195554,300,56,142,45,15,41,1,13366
Robert Rivas,0.4618737075384474,0.060349825420015345,0.3838690211522581,0.1294079498456854,0.2561829612413534,340,39,152,52,29,67,1,17849
Lisa Calderon,0.2278270509977827,0.07594235033259424,0.13240418118466898,0.06038852926566131,0.09277702307264582,159,18,76,19,21,25,0,8787
David Alvarez,0.33854166666666663,0.234375,0.2708333333333333,0.12270570581691904,0.22674725739670204,99,19,43,16,7,14,0,8787
Dawn Addis,0.3851851851851852,0.15555555555555556,0.2740740740740741,0.12715061076799702,0.20564950510587712,135,17,68,12,15,23,0,4654
Damon Connolly,0.225,0.041666666666666664,0.15833333333333333,0.056349749040632106,0.12229091307275002,120,15,52,13,18,22,0,4654
Pilar Schiavo,0.33532934131736525,0.18562874251497005,0.2215568862275449,0.12967085613771118,0.15761481593682625,167,21,69,19,26,32,0,4654
Anamarie Farias,1,0.3333333333333333,0.3333333333333333,0.2722222222222222,0.3190671031096563,3,3,0,0,0,0,0,4654
Mark Gonzalez,0.5714285714285714,0.14285714285714285,0.14285714285714285,0.12261904761904761,0.1582631907099992,7,7,0,0,0,0,0,4654
Heather Hadwick,0.8333333333333334,0.16666666666666666,0.5,0.21939775910364145,0.30658366456238795,6,6,0,0,0,0,0,4654
John Harabedian,0.6,0,0.2,0.07166666666666667,0.25910256410256405,5,5,0,0,0,0,0,4654
Maggy Krell,0.2,0,0,0.013333333333333332,0.04820512820512819,5,5,0,0,0,0,0,4654
Chris Rogers,0.6666666666666666,0.3333333333333333,0.3333333333333333,0.2967320261437908,0.1922973008079391,3,3,0,0,0,0,0,4654
Joe Patterson,0.4,0.26956521739130435,0.13043478260869565,0.19864884050306048,0.12201077009125114,115,34,25,39,8,9,0,4654
Josh Lowenthal,0.1956521739130435,0.09782608695652174,0.11956521739130435,0.09059563624781014,0.09947511142407252,92,21,39,7,10,15,0,4654
Gail Pellerin,0.375,0.14166666666666666,0.25833333333333336,0.11254313979542636,0.18943683433196704,120,10,63,12,15,20,0,4654
Diane Dixon,0.5838926174496645,0.37583892617449666,0.18791946308724833,0.29223141231888916,0.1809056183758205,149,28,52,48,7,14,0,4654
Joaquin Arambula,0.3695678246484698,0.2048548387096774,0.2729501654259719,0.15730784825335734,0.19270433803845924,381,62,152,54,36,77,0,22226
Marc Berman,0.24413341861243348,0.09946634713991169,0.16792218012241328,0.08637684422927594,0.12061226157346533,447,50,263,39,27,68,0,17849
Chris Ward,0.17419354838709677,0.052258064516129035,0.10193548387096775,0.04979073217015314,0.07790994140595396,168,18,100,18,11,20,1,8787
Akilah Weber Pierson,0.14285714285714285,0,0.14285714285714285,0.02857142857142857,0.1032967032967033,7,7,0,0,0,0,0,4654
Isaac Bryan,0.1482115677321157,0.06887366818873668,0.08266742770167428,0.04902239675878166,0.07784037675985439,218,28,107,20,19,44,0,8787
Mia Bonta,0.1635988575055538,0.04723368242885856,0.10901301174230403,0.03869679937060309,0.08093555947401705,206,35,90,19,28,34,0,8787
Lori Wilson,0.2062841530054645,0.045081967213114756,0.15710382513661203,0.05754128673179705,0.11978991691499466,134,23,58,16,16,21,0,8787
Tina McKinnor,0.16820276497695852,0.1117511520737327,0.12788018433179724,0.06055120850000746,0.10943407520986304,131,16,68,15,14,18,0,8787
Corey Jackson,0.19727891156462585,0.10204081632653061,0.1564625850340136,0.08398628645227281,0.101956295081483,147,25,58,21,21,22,0,4654
Lola Smallwood-Cuevas,0.07317073170731707,0.012195121951219513,0.024390243902439025,0.008420527189117313,0.025866115537283917,82,11,39,7,13,12,0,4654
LaShae Sharp-Collins,0.2,0,0.2,0.025,0.09038461538461537,5,5,0,0,0,0,0,4654
Laura Richardson,0,0,0,0,0,6,6,0,0,0,0,0,4654
Sade Elhawary,0,0,0,0,0,7,7,0,0,0,0,0,4654
Cecilia Aguiar-Curry,0.3695770912622535,0.19946822498249017,0.26744537951515496,0.15330560369841736,0.19034157841059118,463,50,244,37,51,78,3,17849
Sharon Quirk-Silva,0.342435270234865,0.17411843442541627,0.24817023968636018,0.13783850176548543,0.1770261334454328,624,93,264,93,55,117,2,26252
Bill Essayli,0.42105263157894735,0.23157894736842105,0.15789473684210525,0.18575737128368705,0.12420882053408541,95,29,15,42,2,7,0,4654
Alex Lee,0.15562571756601606,0.0568886337543054,0.07950631458094146,0.048485871003550285,0.0663385858196101,264,39,126,39,19,41,0,8787
Matt Haney,0.161437908496732,0.06797385620915032,0.11307189542483662,0.046737747082856045,0.08839656904616391,198,16,108,17,25,32,0,8787
James Gallagher,0.4710719404417913,0.28429467001409114,0.1822184092083965,0.2174494494914326,0.15492649007241813,537,90,139,235,21,51,1,22226
Tom Lackey,0.6158381401525694,0.3803501182154142,0.3186450795856631,0.2814683860425776,0.24773276181108533,783,144,225,272,52,90,0,22226
Phillip Chen,0.3602779274531243,0.23168768021130226,0.18132398550705636,0.17752445184550159,0.12909178541896904,412,107,117,127,19,42,0,17849
Heath Flora,0.4905858423096672,0.32020575321569505,0.22719974384402286,0.24715685145829452,0.17713424975746617,366,83,106,121,12,44,0,17849
Laurie Davies,0.5917596384691428,0.4030857223555995,0.24699901143906228,0.304632245130081,0.22866658448391142,243,53,89,59,19,23,0,8787
Juan Alanis,0.5817307692307693,0.3701923076923077,0.23557692307692307,0.2721866959779614,0.2071899261712309,208,46,71,51,15,25,0,4654
Josh Hoover,0.48598130841121495,0.3364485981308411,0.18691588785046728,0.23269143125520253,0.1602182432100244,107,24,29,36,4,14,0,4654
Kate Sanchez,0.43243243243243246,0.2972972972972973,0.20270270270270271,0.2196714913820177,0.15715200690004721,74,21,24,18,5,6,0,4654
Tri Ta,0.41935483870967744,0.23655913978494625,0.12903225806451613,0.19524730224445594,0.1108397103163747,93,28,21,32,5,7,0,4654
Greg Wallis,0.5340909090909091,0.38636363636363635,0.25,0.266183585242743,0.1916570179158713,88,28,26,17,6,11,0,4654
Leticia Castillo,0,0,0,0,0,2,2,0,0,0,0,0,4654
Carl DeMaio,0,0,0,0,0,9,8,0,1,0,0,0,4654
Jeff Gonzalez,0.75,0.25,0.5,0.292687908496732,0.21231376484036057,4,4,0,0,0,0,0,4654
Alexandra Macedo,0.5,0.25,0.25,0.2267156862745098,0.08972897669706181,4,4,0,0,0,0,0,4654
David Tangipa,0.5,0.25,0.25,0.261437908496732,0.09933299560959136,4,4,0,0,0,0,0,4654
Rhodesia Ransom,0.16666666666666666,0.16666666666666666,0.16666666666666666,0.05555555555555556,0.13829787234042554,6,6,0,0,0,0,0,4654
Liz Ortega,0.2835820895522388,0.1044776119402985,0.19402985074626866,0.08726828050879913,0.14450127406702387,134,20,63,12,20,19,0,4654
Henry Stern,0.2589522031188802,0.11117798318138483,0.19074689110565718,0.08956199040207805,0.13967786260279344,498,64,216,46,50,122,0,17849
Steve Bennett,0.15934272300469485,0.0555868544600939,0.09042253521126761,0.04637148844895324,0.06988489192906641,146,16,74,21,11,24,0,8787
Gregg Hart,0.171875,0.0625,0.125,0.052979008838383836,0.09773517059919985,64,12,28,10,4,10,0,4654
Juan Carrillo,0.39473684210526316,0.17543859649122806,0.24561403508771928,0.15580330640366083,0.1933542078219424,114,20,53,11,13,17,0,4654
Blanca Pacheco,0.4583333333333333,0.19444444444444445,0.3194444444444444,0.16205386277840697,0.23078443949683136,72,14,33,6,10,9,0,4654
Diane Papan,0.21333333333333335,0.04,0.14666666666666667,0.061621468935452436,0.11365688337579695,75,17,28,12,6,12,0,4654
Esmeralda Soria,0.4307692307692308,0.26153846153846155,0.26153846153846155,0.19865526799915942,0.1875677360278304,65,15,19,7,8,16,0,4654
Marie Alvarado-Gil,0.6021505376344086,0.3978494623655914,0.2903225806451613,0.2822693652231919,0.21241306163386187,93,13,32,21,6,21,0,4654
Darshana Patel,1,0.6666666666666666,0.6666666666666666,0.5106209150326797,0.30046696802015954,3,3,0,0,0,0,0,4654
Michelle Rodriguez,0.6666666666666666,0.16666666666666666,0.3333333333333333,0.15575396825396826,0.23055003507131167,6,6,0,0,0,0,0,4654
Jose Solache,0.4,0.2,0.2,0.14166666666666664,0.11310692853246045,5,5,0,0,0,0,0,4654
Suzette Valladares,0.8333333333333334,0.3333333333333333,0.3333333333333333,0.3247549019607843,0.14625548801080718,6,5,0,1,0,0,0,4654
James Ramos,0.39638447971781304,0.17063492063492064,0.26785714285714285,0.15879445699072123,0.19123061895186028,210,35,87,38,18,32,0,13366
Tim Grayson,0.3220647773279352,0.17259538706907127,0.2178812415654521,0.1359310089113725,0.16232411308062447,378,65,166,71,28,48,0,17849
Blanca Rubio,0.37901005818328654,0.17845802054463472,0.26119473046638403,0.14174026509803253,0.19460649302901617,454,91,180,74,34,74,1,17849
Bob Archuleta,0.39274167916090114,0.2314943532481264,0.23150451986288983,0.1655335388961801,0.17393281952089618,260,40,122,30,15,53,0,13366
Stephanie Nguyen,0.5368421052631579,0.3157894736842105,0.3684210526315789,0.23129786650684486,0.2691738067070593,95,13,43,13,10,16,0,4654
Rick Zbur,0.23809523809523808,0.11904761904761904,0.11904761904761904,0.08037082378007772,0.10916129165481367,84,11,47,5,8,13,0,4654
Nick Schultz,0.2,0,0,0.008333333333333333,0.030128205128205125,5,5,0,0,0,0,0,4654
Rebecca Bauer-Kahan,0.2661942171303873,0.09389470812875067,0.1691227495908347,0.07451747304368997,0.13183522555526234,323,47,173,36,26,40,1,13366
Catherine Stefani,0.2,0,0,0.008333333333333333,0.030128205128205125,5,5,0,0,0,0,0,4654
Melissa Hurtado,0.4074924454234799,0.20206350551178137,0.27829459553597485,0.15274655433078765,0.20598462122591893,216,28,84,33,18,53,0,13366
Angelique Ashby,0.25961538461538464,0.10576923076923077,0.18269230769230768,0.09625132389555466,0.1163072451848733,104,12,69,3,6,14,0,4654
Al Muratsuchi,0.14069824729417346,0.07663048660254274,0.09273572542662158,0.05819035680407904,0.06666630362100158,475,84,195,54,27,115,0,26252
Mike Fong,0.11566558441558442,0.012987012987012988,0.057224025974025976,0.01906151663635034,0.043404283229868584,93,12,51,6,11,13,0,8787
Lena Gonzalez,0.2042240587695133,0.049709213345576986,0.14172023262932354,0.047379866813502335,0.10524057591365592,275,46,130,28,26,45,0,13366
Celeste Rodriguez,0.25,0,0.25,0.03125,0.11298076923076922,4,4,0,0,0,0,0,4654
Patrick Ahrens,0.6666666666666666,0,0.3333333333333333,0.061507936507936505,0.22237484737484736,3,3,0,0,0,0,0,4654
Jesse Arreguin,0,0,0,0,0,5,5,0,0,0,0,0,4654
Shannon Grove,0.3586147231822804,0.1947208543463976,0.15304236065123988,0.14566921043638706,0.12512055442463346,427,124,79,173,18,33,0,30829
Steven Choi,0.5744386372435153,0.2332704219899342,0.2060152922957801,0.22408306721540408,0.1400753429838303,216,63,44,76,9,24,0,17849
Monique Limon,0.21302415124891275,0.07133891595791587,0.148270576733001,0.06127401692194158,0.10640833267382807,415,57,215,36,33,74,0,17849
Sabrina Cervantes,0.2504872247260362,0.09790669508204358,0.18867766597957353,0.08506597999787038,0.12985738875345834,402,54,195,64,35,54,0,17849
Susan Rubio,0.3201863354037267,0.1545376121463078,0.24914308718656544,0.11426523312737209,0.18448507906746453,488,42,269,27,51,98,1,13366
Rosilicie Ochoa Bogh,0.6069639022394928,0.37452704775539425,0.2753349013191533,0.28237277952211814,0.231351976621663,281,47,99,61,18,56,0,8787
Robert Garcia,0.5,0.25,0.25,0.26838235294117646,0.10125379939209728,4,4,0,0,0,0,0,4654
Jerry McNerney,0.4,0.4,0.4,0.2647058823529412,0.17781155015197572,5,5,0,0,0,0,0,4654
Christopher Cabaldon,0,0,0,0,0,3,3,0,0,0,0,0,4654
Sasha Renee Perez,0,0,0,0,0,6,6,0,0,0,0,0,4654
Buffy Wicks,0.37973895710343697,0.03542780651812163,0.3249131390420084,0.10803365742031183,0.21398651781479844,433,61,187,77,41,67,0,17849
Tasha Boerner Horvath,0.3504273504273504,0.15384615384615385,0.23076923076923078,0.11942046992997955,0.17449866893380103,117,20,51,12,13,21,0,4654
Avelino Valencia,0.40476190476190477,0.19047619047619047,0.21428571428571427,0.17477198727198728,0.18474710792632235,42,4,27,3,5,3,0,4654
Scott Wiener,0.27059011809582556,0.11767893462409418,0.17969652795028032,0.08962789784911855,0.13784619664562303,800,64,409,90,70,167,0,17849
John Laird,0.2045759677780264,0.09923920340120833,0.11451107630342358,0.081005680387037,0.09692864942243959,191,9,132,13,8,29,0,8787
Brian Jones,0.4009930858286396,0.23441374647139943,0.16898793343081003,0.17015948203742887,0.13462035282470333,474,111,143,151,19,50,0,26146
Megan Dahle,0.43939043209876544,0.2855066872427984,0.14261831275720163,0.20883432161583299,0.1302851632268073,190,48,51,56,9,26,0,13366
Kelly Seyarto,0.5354516806722689,0.3285189075630252,0.15126050420168066,0.23904174494612368,0.13476806510359438,231,46,66,76,13,28,2,8787
Roger Niello,0.6656398408419972,0.3785136696187909,0.31773841612116543,0.3368759755223987,0.26848477414476324,206,62,66,48,8,22,0,9384
Steve Padilla,0.14102564102564102,0.038461538461538464,0.1282051282051282,0.029301226416611027,0.07923947620063694,78,15,32,7,10,14,0,4654
Maria Durazo,0.12878422865030792,0.027275437733856826,0.05839965539706346,0.0239890431609852,0.051742035934700135,282,42,132,24,32,52,0,13366
Caroline Menjivar,0.1827956989247312,0.021505376344086023,0.0967741935483871,0.04169293749090017,0.07621693732504588,93,11,47,3,15,17,0,4654
Catherine Blakespear,0.2459016393442623,0.04918032786885246,0.18032786885245902,0.05757521884361394,0.13669137551324703,122,16,68,13,8,17,0,4654
Tom Umberg,0.31910757553280916,0.16602847005884389,0.21065278395885872,0.11899676853562022,0.15877368128132738,266,41,138,25,20,41,1,13366
Dave Cortese,0.26186790505675955,0.10165118679050567,0.173890608875129,0.08024011237512002,0.12749136530838315,216,20,109,25,14,48,0,8787
Josh Becker,0.17995514437902999,0.0832632464255677,0.13425848051583963,0.05306033392317815,0.1028649528449674,268,17,141,28,27,55,0,8787
Eloise Reyes,0.23679565382402518,0.07893546324992054,0.1404511374889783,0.06744415424309662,0.10730804559234457,367,56,160,34,50,67,0,17849
Aisha Wahab,0.34285714285714286,0.14285714285714285,0.29523809523809524,0.11182754325611469,0.19555578997945144,105,6,58,11,13,17,0,4654
Jasmeet Bains,0.3424657534246575,0.2465753424657534,0.1780821917808219,0.1661197187083569,0.15540164079804977,73,13,33,7,9,10,1,4654
Anna Caballero,0.47429566915787025,0.3462052998168101,0.40765174478799626,0.23235859647265575,0.3138343559596023,529,58,229,59,60,123,0,22579
Chris Holden,0.1651728420739949,0.09160940541784589,0.11990723616576739,0.06621208173255405,0.09168956930284641,441,52,202,88,41,58,0,30629
Reginald Jones-Sawyer,0.18466758740592412,0.08649381854250009,0.12399512724056334,0.06727412016138151,0.09428992073010026,601,78,257,110,50,105,1,26384
Brian Maienschein,0.4593393666393785,0.28793302694275735,0.3010999943020539,0.20836805904936834,0.2173768643000866,514,66,288,75,37,48,0,26384
Anthony Rendon,0.45259625671996806,0.108631442394329,0.2856738784573836,0.10770667164065878,0.228592110701431,234,32,121,35,20,26,0,26384
Philip Ting,0.14566159364263206,0.06393139908546192,0.09610863640413818,0.049455161371452803,0.07287621740181173,939,103,412,196,58,170,0,30629
Kevin McCarty,0.2557046360813732,0.12034266179458447,0.18545648952078692,0.09689180419912019,0.13104797025366055,698,74,301,167,56,99,1,22226
Miguel Santiago,0.22813343519225873,0.10522727272727272,0.16634602325778797,0.08247129820686148,0.11731748672067227,559,73,251,100,53,81,1,22226
Jim Wood,0.3574938526966264,0.19663621791355312,0.2702202033837506,0.15255413049727096,0.18520687132656982,510,42,242,77,50,98,1,22226
Laura Friedman,0.21872395047037163,0.08296323760131195,0.13400769793202255,0.0669005494323901,0.10522438656985497,514,76,257,49,42,89,1,17849
Josh Newman,0.3737458691201332,0.21277748043938122,0.21129928383923338,0.15801701673563143,0.16186868148754335,313,30,155,32,24,72,0,13270
Wendy Carrillo,0.23448641512702892,0.07974200330470402,0.1610912308685399,0.06745389545188238,0.117766435404134,504,65,235,59,54,90,1,17849
Luz Rivas,0.27421340990213794,0.0732166878968852,0.18837016767497078,0.07483271130020425,0.1298155764132387,313,44,156,29,35,49,0,17849
Nancy Skinner,0.19272600956101177,0.07326938097864946,0.1420581943509976,0.05963433305286021,0.10051778732108464,876,96,441,56,78,204,1,30935
Marie Waldron,0.5368995108960529,0.34235083031458624,0.3423030055053049,0.2437983720684876,0.25741367883671573,581,91,207,181,47,55,0,30629
Devon Mathis,0.5678808750617578,0.3853345939376786,0.2530952522822463,0.28093420922980156,0.20522213139757842,769,152,219,265,46,87,0,22226
Vince Fong,0.3787158568319068,0.27556912099242264,0.2141276478514421,0.21813077954249802,0.1526592935344592,292,89,51,108,13,31,0,17849
Susan Eggman,0.27909228039601075,0.15934485548866284,0.19779393289189326,0.1138912987431151,0.15329179706897925,506,65,253,89,31,68,0,30629
Evan Low,0.26282943988610286,0.133894520681401,0.15951422373580634,0.10497062598555376,0.12553446057428982,540,74,272,94,38,62,0,22226
Scott Wilk,0.5146078080855331,0.35712463625206997,0.2999965676333181,0.263298747726315,0.22713852090116254,693,140,209,211,37,96,0,30629
Jacqui Irwin,0.24382373845060412,0.13772784429500848,0.17739680717292658,0.1024580404967852,0.13494582006739214,372,46,178,83,21,44,0,22226
Steve Glazer,0.555670999992869,0.3355133942414929,0.3718202195814136,0.25462333239841944,0.2672060230835844,350,38,147,60,22,83,0,22226
Dave Min,0.2750183765620078,0.1328362910847422,0.1945815394308516,0.1042844022151608,0.13984445285428965,196,13,115,19,19,30,0,8787
Brian Dahle,0.4351972668649043,0.317796538350123,0.23646484168166895,0.2302128524495291,0.18420800647739755,356,82,114,100,18,42,0,30629
Janet Nguyen,0.479724509091979,0.306010296597646,0.22197389290762784,0.21990845022768665,0.1773666837448603,361,47,104,169,12,29,0,17647
Jim Patterson,0.36207792389013344,0.22752545429162543,0.16649423609841302,0.1739984073453131,0.13621700648848553,509,130,109,198,23,49,0,30629
Bill Dodd,0.473547243682082,0.2858165743860126,0.3330345062876293,0.20548852791456335,0.24572685135503633,658,45,369,101,46,97,0,22226
Steven Bradford,0.2272408946424925,0.1295368915170396,0.1706556832135452,0.08828311726930563,0.11787771482748338,507,64,248,53,47,92,3,30935
Anthony Portantino,0.44908698447456014,0.24619926816551044,0.3048603959440126,0.188714976898538,0.24706024590074271,703,90,333,48,105,125,2,26824
Mike McGuire,0.3107978487750825,0.16373832213224093,0.23763460941131698,0.11762586915063551,0.1680744312052971,374,27,211,61,25,49,1,22226
Jesse Gabriel,0.26712435160770803,0.09422257700690433,0.19267589784233335,0.08799841099421678,0.1381666414362801,299,40,157,32,25,44,1,17849
Akilah Weber,0.267602495543672,0.12477718360071302,0.16711229946524064,0.08937821525545878,0.13350062043708305,183,13,102,12,23,33,0,8787
Toni Atkins,0.2591114577179893,0.14881274950820828,0.19032692931360204,0.10793929545938152,0.13741351549747932,423,23,262,37,40,59,2,35312
Freddie Rodriguez,0.3513724691651954,0.19478354125012906,0.24907734166308976,0.15220524924528114,0.17603310249343118,588,54,229,152,36,116,1,26384
Carlos Villapudua,0.49324324324324326,0.25665200083804734,0.28498847684894196,0.2038140834264927,0.21370884634661874,197,33,69,36,19,40,0,8787
Eduardo Garcia,0.34564840925204054,0.20905067494422092,0.2524517646952253,0.15282104152595907,0.18077374885311412,605,84,247,117,56,100,1,22226
Richard Roth,0.47828734469880085,0.3118388671655887,0.34621745584458763,0.21297093962935132,0.2682115500154546,401,38,203,59,28,71,2,26384
Cristina Garcia,0.38330934455601606,0.20835808600886682,0.26682417095753824,0.15265237219537575,0.1907813279028747,759,57,415,115,78,94,0,21730
Adrin Nazarian,0.22593587974994378,0.1444631768763962,0.1608641776078433,0.10009310976066219,0.12496810849198114,566,83,208,138,34,102,1,21730
Rob Bonta,0.20004654700914354,0.09439391178985389,0.16044403613245709,0.06904100286562463,0.1178987858390877,685,84,301,165,65,69,1,21730
Lorena Gonzalez Fletcher,0.29722547485300543,0.15290602173378948,0.21719493879245816,0.10972141358354126,0.16061078556852304,813,57,437,91,130,98,0,21730
David Chiu,0.21589821661591996,0.10156788204037008,0.15983836979650376,0.07682532693668008,0.11927903778886101,705,65,329,177,49,85,0,17572
Jordan Cunningham,0.5531660692951016,0.34016509177799503,0.33374606277832086,0.2860427383745312,0.22795226332963842,251,36,81,86,10,38,0,13195
Marc Levine,0.28830390098092884,0.1712383324813553,0.2051849935609196,0.11468223463485519,0.161427443138907,498,70,241,86,44,57,0,21730
Kevin Kiley,0.23776835313414713,0.17567784936882075,0.15514413361244778,0.13960866192156982,0.09964905516366047,200,59,25,97,5,14,0,13195
Randy Voepel,0.5045683313975997,0.28968253968253965,0.22064943863724354,0.22557704173063603,0.17705983218776317,315,70,83,103,18,41,0,13195
Suzette Martinez Valladares,0.45454545454545453,0.2878787878787879,0.19696969696969696,0.21949869679983317,0.16579002200868181,66,16,15,22,3,10,0,4133
Thurston Smith,0.379746835443038,0.24050632911392406,0.10126582278481013,0.1723741736615507,0.11091295180647377,79,26,15,30,1,7,0,4133
Patrick O'Donnell,0.26641771402250447,0.1543640740497028,0.20718508038867323,0.12211968468334426,0.14028769493530968,386,45,134,136,16,55,0,17572
Tasha Horvath,0.34962835906232137,0.16943015056222605,0.24723651610444064,0.1317225328276113,0.17137502323195886,205,27,90,37,19,32,0,8712
Franklin Bigelow,0.39390491830165847,0.3022701214797753,0.23939806561713245,0.22112108496167543,0.17964741521970595,354,59,116,138,14,27,0,25975
Melissa Melendez,0.3837558900775415,0.2808112843970049,0.23535813613796505,0.20425034497669123,0.1756360137942697,294,67,61,139,11,16,0,21730
Patricia Bates,0.5165252533478564,0.3233969163074073,0.21872696837669048,0.2312354583168049,0.1715847407313344,492,66,152,204,24,46,0,17572
Richard Bloom,0.1872863742046132,0.09189984284323907,0.1423644007291806,0.07011271400100232,0.10316826234680952,659,86,282,152,22,116,1,21730
Bill Quirk,0.25723934789792785,0.16259555213909266,0.19821306063394323,0.11792341826160802,0.14311979573982248,429,66,187,80,36,60,0,21730
Mark Stone,0.18411562076835178,0.09278243904082868,0.13653269756227882,0.07034653117208517,0.09940620547366616,633,67,299,94,42,131,0,21730
Autumn Burke,0.276454415028231,0.11956813138188475,0.2007422345034349,0.09722002900211896,0.14629089357163058,267,36,92,75,20,43,1,17572
Jim Cooper,0.36782985330134454,0.23870646389834987,0.28121770103677995,0.191162596835791,0.1951649287192853,403,42,148,147,30,35,1,17572
Rudy Salas,0.4124261709035645,0.2932800538010175,0.31220433652184276,0.20482407457806323,0.2257952898533415,406,58,164,89,41,54,0,25975
Edwin Chau,0.22034340729365962,0.1411518192880846,0.1566083900078132,0.10223543184945377,0.12064829716730685,290,37,145,49,22,37,0,21730
Benjamin Hueso,0.27558838561433074,0.15289353831792676,0.21303930948111824,0.10640887497687854,0.15812784008847303,473,70,211,60,51,81,0,25975
Bob Wieckowski,0.23364175531964876,0.11187581532958141,0.16708195485905222,0.08541758594542008,0.12137488693292181,590,60,326,83,33,88,0,30658
Bob Hertzberg,0.3720978463550011,0.2343085255647553,0.2764959075778943,0.14356400010482082,0.21307209992559725,465,26,279,67,32,61,0,17572
Sydney Kamlager-Dove,0.1830814846568785,0.029257314328582147,0.12226270853427643,0.045971398144802465,0.08372789358169826,162,19,72,27,13,30,1,13195
Jim Nielsen,0.5567994198002153,0.3644295357009459,0.3091493007690378,0.2669876189756001,0.23269330418706086,649,153,193,177,41,84,1,30658
Jose Medina,0.30256633221850615,0.18694330307373785,0.25274788979136803,0.13372204836951826,0.18011211716381698,334,38,162,51,32,51,0,21730
Jim Frazier,0.3146580492326707,0.20955716345658668,0.23526192192810794,0.15226618543874842,0.17463572888960416,339,42,125,110,26,36,0,21730
Tom Daly,0.2842877317920305,0.21534657969194937,0.2357658680920779,0.14551072296986695,0.16900094154725162,340,44,140,44,20,92,0,25975
Adam Gray,0.38520378705120656,0.29237609724918623,0.2569318611530153,0.20218695761592156,0.19581083178038372,354,64,110,106,21,53,0,25975
Kevin Mullin,0.1944017223098084,0.1138235130405172,0.15504290358262923,0.08058301774778863,0.11250147328992054,623,55,274,135,40,118,1,25975
Richard Pan,0.24298214595172563,0.1452182619486908,0.17198170671032825,0.10424754132999235,0.13056674007503782,434,54,195,75,47,63,0,25975
Ken Cooley,0.47161291500876784,0.2953007057262223,0.3409943753417006,0.21576780720245906,0.24609603152834902,379,38,177,74,41,49,0,21730
Connie Leyva,0.279714149878172,0.10984304673253824,0.18582838358152468,0.09681512389656004,0.1317022914806216,278,23,144,37,28,44,2,17572
Shirley Weber,0.13272585910420312,0.07362230189155379,0.10267016135782589,0.053166257736037406,0.07530124972328836,382,49,147,84,33,69,0,25975
Andreas Borgeas,0.38604488078541377,0.27244039270687237,0.14913510986442263,0.197480904630165,0.1295625468546806,131,40,32,39,5,15,0,8712
Todd Gloria,0.2806919642857143,0.1294642857142857,0.1796875,0.10494515695885884,0.13474703279674122,240,39,123,29,17,32,0,9062
Kansen Chu,0.3062874937379321,0.14240131106932202,0.21991501209617528,0.11264010670271793,0.15698584247855343,246,38,98,62,19,29,0,13439
Jay Obernolte,0.35710109446646315,0.2612761891966532,0.23166040937374824,0.19188798311205613,0.16514801048631328,250,33,83,91,18,25,0,13439
Chad Mayes,0.5730023920819891,0.38209322767053255,0.34663012129045373,0.2911692696555622,0.25210622087226453,201,20,53,94,10,24,0,13439
Jim Beall,0.4175688827439165,0.29219835268985694,0.34644192609987456,0.18896231011784573,0.25011856850736464,759,84,360,96,69,150,0,26572
Jerry Hill,0.30543476790477203,0.19160936327967226,0.24692716115032678,0.1268825069808025,0.18100040146356372,780,72,410,84,63,149,2,26572
Tyler Diep,0.753968253968254,0.15079365079365079,0.6746031746031746,0.2717875659706864,0.41910255602068197,64,21,13,17,2,11,0,9062
Ling Ling Chang,0.5950997726698661,0.22949117341640704,0.4020936824675142,0.2135949603907298,0.2580318446188863,221,35,65,89,14,18,0,13439
William Brough,0.4416901722140664,0.2811784054072039,0.1942538273187651,0.20571924617803575,0.1562532607328797,281,47,61,144,14,15,0,13439
Cathleen Galgiani,0.5797714370708248,0.40169164123171763,0.4285467735769287,0.29335685378390824,0.3151534731940257,645,109,257,134,50,93,2,26572
Holly Mitchell,0.17881843242980666,0.0954609553186863,0.12878464559825678,0.0640502659250122,0.09744420601382497,400,30,241,40,21,66,2,26525
Hannah-Beth Jackson,0.3108969774980931,0.21568935926773455,0.26834596681922196,0.12708914309450972,0.1941659781869611,356,33,197,41,33,52,0,17597
Ian Calderon,0.3187067646425683,0.17469411620965913,0.252626847956993,0.1349587289768559,0.16862736614054297,238,27,99,49,28,35,0,17597
Christy Smith,0.30434782608695654,0.15942028985507245,0.21739130434782608,0.12047221381993337,0.16884288575918013,69,12,29,6,7,15,0,4579
William Monning,0.37676378894291374,0.22786148656754354,0.26731407183832523,0.1516069192926334,0.21028205215456405,620,48,342,63,46,120,1,26572
Mike Morrell,0.3040251144476497,0.1621365066435489,0.1244532575518491,0.12356578122590207,0.1005531315088068,306,106,62,111,3,24,0,21842
Jeff Stone,0.5009007613885663,0.3071209188282359,0.3636185314234095,0.23928820446113339,0.2414879155269402,258,19,70,136,16,16,1,13439
John Moorlach,0.4008691566831102,0.32405449847310314,0.30115104533709186,0.22107883975836756,0.210237881988931,175,39,41,76,7,12,0,13439
Ricardo Lara,0.16409948423057036,0.09781302412388554,0.12178842103935737,0.0570835160423049,0.09478448302832859,379,34,229,26,44,45,1,26525
Joel Anderson,0.6017475043844686,0.45394118083370416,0.4202704647556404,0.30466569180648106,0.31994514304062727,609,130,240,147,35,57,0,21946
Jimmy Gomez,0.2593559076317697,0.18614994304649476,0.2082893238065652,0.13119830059329257,0.15385302302895495,163,13,83,39,15,13,0,13018
Catharine Baker,0.6996470099667773,0.43005952380952384,0.3588732004429679,0.33351842438110824,0.2784176497786432,241,9,83,122,14,13,0,8860
Marc Steinorth,0.5927405927405927,0.39610389610389607,0.3176823176823177,0.30448204814697133,0.2399017555275746,190,11,55,102,10,12,0,8860
Dante Acosta,0.6186440677966102,0.3898305084745763,0.2796610169491525,0.29660651421618517,0.21892579804313952,118,17,39,38,5,19,0,4483
Jean Fuller,0.47979700715679896,0.30499738361068685,0.24413848887280706,0.2292707122652085,0.190799301369449,371,99,121,108,14,28,1,21946
Ted Gaines,0.47960466523164363,0.33773618086917373,0.28481619043599377,0.238241562033034,0.22029109298670835,395,115,138,95,19,27,1,21946
Anthony Cannella,0.6824047404740474,0.48306496034218804,0.45150745843815154,0.3673920391929797,0.3203911880078816,378,90,142,93,21,31,1,17263
Rocky Chavez,0.7206262939958592,0.5469386562479129,0.4865549656047552,0.4670806674677902,0.32196440760733436,347,40,120,150,19,18,0,17263
Andy Vidak,0.6340753458449273,0.40019249986096234,0.31983771167360064,0.2854743341211455,0.2560723649928058,280,26,99,115,16,24,0,13018
Matthew Harper,0.401358024691358,0.22907407407407407,0.17055555555555557,0.17669022405383156,0.14832106563957204,181,14,27,127,4,9,0,8860
Tony Thurmond,0.15066201076676852,0.07620398661428779,0.1201804161210534,0.06349772954550079,0.08370159892725434,245,11,94,106,20,14,0,8860
Travis Allen,0.3617734724292101,0.24165424739195232,0.21207153502235468,0.18717315856861114,0.14400729106258023,177,8,29,135,5,0,0,8860
Kevin de Leon,0.2973793806112735,0.2155423404282199,0.22907047895635843,0.12812296796569875,0.1767356934128831,349,48,187,26,30,58,0,21993
Edward Hernandez,0.3115404092628126,0.16214005974835038,0.20096071518987216,0.1114152050550893,0.17811093872995978,399,33,222,55,29,60,0,21993
Sebastian Ridley-Thomas,0.20791327913279134,0.13685636856368563,0.13170731707317074,0.09351091487831967,0.11168326491751507,126,8,53,46,9,10,0,13018
Raul Bocanegra,0.22258503401360544,0.15523809523809523,0.16843537414965987,0.09853490618299075,0.12718497676342713,150,21,73,16,9,31,0,12886
Matt Dababneh,0.37987353206865404,0.25252032520325207,0.297289972899729,0.17819798088489447,0.21347449030384347,222,15,98,48,15,46,0,13018
Tom Berryhill,0.6192444391357435,0.5068458021447152,0.4517007087115783,0.37109121031923087,0.32574425886633246,456,107,161,122,19,47,0,21993
Tony Mendoza,0.45038815526210485,0.37443486485503297,0.40664520353595984,0.21453608335385618,0.28881262943309655,278,52,129,39,30,27,1,17835
Vanessa Delgado,0,0,0,0,0,3,0,2,0,1,0,0,4483
Cheryl Brown,0.3146023468057366,0.21964363320295524,0.23533246414602346,0.14532665236682407,0.17615546169989935,249,30,99,82,24,14,0,12780
Luis Alejo,0.2097073677956031,0.14678958704693998,0.17290552584670232,0.10648539799921825,0.11938183855559914,479,54,254,86,37,47,1,17463
Henry Perea,0.4642857142857143,0.34902518978605934,0.378416149068323,0.2370049289749666,0.2750041791506299,234,31,120,28,15,39,1,12780
Das Williams,0.21094695343299893,0.1285481478590109,0.1707268043249151,0.09365625813909322,0.12797371838163593,436,36,221,107,25,46,1,17463
Eric Linder,0.5657894736842105,0.4103114930182599,0.34684926602219834,0.289614796244007,0.26013873669366583,155,22,60,61,8,4,0,8535
Mike Gatto,0.45077705270330476,0.2264007914668344,0.27013654113268865,0.1622791918230071,0.2149511114044402,263,15,146,44,32,24,2,17463
Marty Block,0.6131063867994988,0.4717075407141973,0.5123680827357655,0.26081385298503523,0.38314480546753177,454,48,247,47,35,76,1,17510
Mark Leno,0.29193455638960564,0.20535934201266715,0.22751738147366227,0.11674098453231933,0.1816049205008397,493,50,265,61,59,58,0,17463
Loni Hancock,0.2537406015037594,0.18276315789473685,0.20952380952380953,0.10142106415396163,0.1624811241931443,478,57,249,41,57,73,1,17510
Kristin Olsen,0.6829361575104788,0.41205333266999167,0.3422355857928799,0.296401475909202,0.26966291891808414,336,72,113,115,17,18,1,12780
K H Achadjian,0.6112418374593838,0.41928276486226596,0.405985129877884,0.30895067628178574,0.28901221375237807,244,49,109,64,7,15,0,12780
Nora Campos,0.23315980336154818,0.14759784320853023,0.1705310622976926,0.09411833472430227,0.13274787585049777,334,23,135,90,20,65,1,12780
Roger Hernandez,0.2397143484948363,0.1303391196074123,0.1783300373544276,0.08862071322361038,0.13908804250264697,231,37,106,44,17,26,1,12780
Robert Huff,0.5859417323630484,0.44808981453406105,0.3927039746310895,0.30514158796604357,0.3360924899236118,376,98,138,104,17,19,0,17510
Young Kim,0.6666666666666666,0.5161290322580645,0.43010752688172044,0.35573424484714816,0.33815785197750015,93,0,35,55,3,0,0,4377
Susan Bonilla,0.21127450980392157,0.13002450980392155,0.15159313725490198,0.09036348552512458,0.11075785506550227,343,35,179,53,31,44,1,17463
Lois Wolk,0.3859495324532453,0.2790343096809681,0.32161888063806376,0.18579571108792675,0.2458511820308171,367,45,206,45,38,32,1,17463
Isadore Hall,0.4126442276515349,0.2757913244349123,0.29384703486137537,0.17468469589534016,0.22718750215456765,340,27,188,49,33,41,2,17463
Carol Liu,0.3316305391762709,0.25466893370856786,0.281985113463772,0.14359515137896647,0.2181823204449716,324,54,173,38,24,33,2,17463
Fran Pavley,0.26527726657459033,0.17505110547402725,0.21733140819530736,0.10668548730769714,0.16036807166596395,391,44,225,44,37,40,1,17510
Richard Gordon,0.14578018707482993,0.09370748299319728,0.1084608843537415,0.07081312467879455,0.07933576609620034,468,19,249,92,18,89,1,17463
Patty Lopez,0.32,0.18666666666666668,0.21333333333333335,0.13983944077365132,0.16500616468858095,75,1,39,25,10,0,0,4377
Donald Wagner,0.39122549019607844,0.14887254901960784,0.12083333333333333,0.1159089274904814,0.10455388877063143,230,77,55,71,11,16,0,17463
Beth Gaines,0.443609590426141,0.24703557793743955,0.17663496982587445,0.16779350123361342,0.16432450057407977,159,51,50,41,8,9,0,12780
David Hadley,0.5614035087719298,0.3684210526315789,0.3508771929824561,0.26213376048902365,0.26608478705268973,57,0,19,34,4,0,0,4377
Sharon Runner,0.3013868652528196,0.18201931897900817,0.1244401273541633,0.12576906991037337,0.1082955540974583,162,46,41,55,9,11,0,13305
Mimi Walters,0.40949308755760366,0.3744700460829493,0.3472811059907834,0.2067831196768321,0.2663288539101296,207,109,57,22,5,14,0,17510
Steve Knight,0.3498188762129557,0.23756925321269343,0.18250680238657227,0.15335969455593063,0.1526179732257727,245,85,93,35,8,24,0,17463
Connie Conway,0.672312980265887,0.5037001461786145,0.4447928807063983,0.28554413386589944,0.3431086166677564,195,82,71,22,6,14,0,13133
Diane Harkey,0.39157618175475317,0.1995900924472353,0.16850907029478457,0.1619028126246887,0.134817565520093,262,123,61,33,14,31,0,13133
Brian Nestande,0.6508040471151609,0.4328726687810995,0.40688067733717637,0.318972717227058,0.33433898215539937,272,104,87,35,9,33,4,13133
Jeff Gorell,0.3968517639613985,0.24545166903970891,0.2638822971048885,0.20257268685823793,0.1838002418674019,137,47,47,21,9,12,1,13086
Tom Ammiano,0.4214864111052179,0.3310217276002707,0.3747370923788796,0.22318161800409791,0.33183077421562074,395,68,194,23,49,61,0,13133
Manuel Perez,0.40254266805990946,0.2906913967258795,0.3089690003483107,0.1740729844499956,0.2469635888515666,368,68,174,20,33,70,3,13086
John Perez,0.3123688155922039,0.25193028485757124,0.2675912043978011,0.1474264461979558,0.1893606898398165,195,23,110,5,23,34,0,13133
Darrell Steinberg,0.1573289620579587,0.11351675393493404,0.12514623331289212,0.06879151517883396,0.09368451659405058,259,48,121,9,32,47,2,13133
Robert Blumenfield,0.14944844147396608,0.10345690951704106,0.11503916534452081,0.06614001607603265,0.0856384350315526,476,46,234,45,40,109,2,13133
Ronald Calderon,0.40935861524096817,0.3344106873518638,0.3614881850175968,0.2084967179520975,0.2694362768044734,235,75,116,4,14,26,0,13086
Lou Correa,0.6305009381345259,0.5457472305754748,0.5534492507774951,0.3115758438234073,0.4156811994543945,399,105,199,12,34,49,0,13133
Dan Logue,0.5128567351598173,0.30446632420091324,0.2918093607305936,0.21478683508674903,0.21863669574206718,217,93,63,31,9,21,0,13086
Mark Wyland,0.42215717219163906,0.3604119967430831,0.3626312579679304,0.21781943106069704,0.27585251688001644,330,138,134,8,8,42,0,13133
Bonnie Lowenthal,0.4963389513108614,0.39698189762796504,0.4565230961298377,0.21380176260476508,0.3308466381214761,280,50,145,12,29,43,1,13133
Tim Donnelly,0.35357905982905985,0.09294871794871795,0.061939102564102566,0.08533612458970119,0.06732070509378707,132,79,23,20,1,9,0,13086
Joan Buchanan,0.553931796376123,0.32981515656489147,0.374636763024886,0.2264795603477907,0.3060404136635276,299,56,163,15,18,45,2,13133
Ellen Corbett,0.30533992897006595,0.2336440892947742,0.28821029934043635,0.15163539913556062,0.2230181097692043,225,32,131,6,28,28,0,13086
Mark DeSaulnier,0.4630241917796201,0.30806585396005054,0.3398591870142403,0.18258191734046228,0.28482058313062514,393,61,186,10,57,78,1,13133
Steve Fox,0.45918367346938777,0.3877551020408163,0.4285714285714286,0.35221207406287625,0.2556699914548266,100,36,45,2,7,10,0,8403
Allan Mansoor,0.25726602697816714,0.1444861632596301,0.09650952579613406,0.09945025584311064,0.08168153557477298,99,52,19,24,1,3,0,13086
Roger Dickinson,0.24143682906688688,0.21454995871180843,0.22989815579410955,0.09850961629731647,0.1632444084267129,350,31,175,19,23,101,1,13086
Wesley Chesbro,0.3101816980972991,0.19694095865771058,0.20548853320592453,0.1543403918848324,0.1661188106565019,540,50,261,40,26,160,3,13133
Bill Emmerson,0.5814246999612853,0.49497694717206914,0.4423362545313765,0.2861283931588265,0.3541048021022001,234,72,103,10,12,36,1,13086
Noreen Evans,0.19840134292948072,0.11897170066039907,0.1558101396929941,0.07641979669955014,0.12742922181559524,448,52,191,59,30,115,1,13133
Paul Fong,0.4618887922825322,0.35355759377717055,0.403207223222788,0.1904095176526288,0.2943016591288095,277,49,122,25,35,45,1,13133
Curt Hagman,0.5698765506345851,0.4022192777723751,0.36529675106759407,0.2832196423881518,0.2665048649767736,283,114,92,37,7,33,0,13133
Norma Torres,0.3544612794612795,0.24353535353535355,0.28607744107744104,0.15389704785396652,0.21463968661610486,257,42,117,16,28,52,2,13086
Mariko Yamada,0.30174484983866967,0.18748448746587243,0.22311119384462647,0.12435212531277716,0.1758838320561208,257,55,124,20,24,34,0,13133
Roderick Wright,0.4711183040620192,0.42400558563718665,0.43179905914426087,0.21988911337284275,0.33343761765846164,204,47,101,3,13,39,1,13086
Leland Yee,0.3263125763125763,0.2278998778998779,0.27643467643467645,0.14230154276201407,0.20669422980993538,240,47,102,6,37,48,0,13086
Michael Allen,0.26878280839895013,0.1330790682414698,0.12274442257217848,0.09439629610004262,0.10646795114462729,194,52,80,20,16,26,0,13086
Ted Lieu,0.27773718182925344,0.18735537693338206,0.22868712702472294,0.12386752453356614,0.16657167101384002,383,56,210,6,52,58,1,13133
Alex Padilla,0.44288793103448276,0.35500478927203066,0.38924808429118773,0.2234613433809825,0.28985555165496923,299,43,189,7,23,36,1,13086
Michael Rubio,0.2735202492211838,0.18193146417445483,0.1632398753894081,0.1397115456763831,0.12311405014364178,114,27,51,5,6,25,0,13086
Curren Price,0.5402151004215224,0.4323394495412844,0.4483118439540458,0.24492501352164928,0.3578949743572455,284,61,140,6,23,54,0,13133
Julia Brownley,0.31189851268591423,0.2591551056117985,0.27917760279965004,0.17802296715967594,0.2559845346597434,340,28,156,24,35,96,1,8975
Mike Davis,0.5111111111111111,0.4444444444444444,0.4577777777777778,0.22812162817622614,0.332354476117886,151,26,69,21,15,20,0,8975
Mike Feuer,0.09212817833507489,0.04893765238592825,0.06287008011145942,0.03169516297219537,0.04654768736261023,307,34,146,27,23,76,1,8975
Felipe Fuentes,0.5251598554350848,0.4599467810476985,0.48337900631478614,0.3945492201095905,0.30560863818070794,187,20,86,10,30,39,2,8975
Mary Hayashi,0.2727777777777778,0.12166666666666667,0.17666666666666667,0.09402582467231926,0.12722981102842323,111,18,59,8,12,14,0,8928
Fiona Ma,0.4782351731935451,0.39816527906259636,0.41314626374755886,0.27091913601149,0.28422037101882697,329,38,154,24,58,53,2,8975
Sandre Swanson,0.3062580004546053,0.25089186376197825,0.26920767086578373,0.1560804553933117,0.23131385021601597,341,46,140,42,28,83,2,8975
Gilbert Cedillo,0.38654867256637165,0.24735496558505407,0.2576991150442478,0.21135124256534144,0.20753581724509532,191,41,90,14,14,31,1,8975
Alan Lowenthal,0.3986111111111111,0.3450757575757576,0.376010101010101,0.17816608734751627,0.2762565624938208,148,21,77,2,19,29,0,8975
Gloria McLeod,0.6459698233075243,0.6259678379988088,0.6259678379988088,0.34478234992737233,0.4645160366481551,166,46,85,3,14,18,0,8975
Jeff Miller,0.6958592132505176,0.5300207039337475,0.5227743271221532,0.4460043021391298,0.3417983711538321,117,44,36,17,5,15,0,8975
Jose Solorio,0.38374049607378785,0.2390003739249657,0.2690701732519008,0.16717755503918608,0.20012209889624372,255,42,122,15,38,38,0,8928
Alyson Huber,0.6123445126751692,0.5266099826798929,0.5208628562431113,0.2887276248228978,0.3868148501862573,132,33,52,12,13,22,0,8975
Christine Kehoe,0.3510822510822511,0.3216450216450216,0.33636363636363636,0.1769682452679347,0.26748490106202544,136,9,95,1,16,15,0,8928
Kevin Jeffries,0.45554239592928897,0.3013609246830723,0.26545159450804934,0.21239923091531174,0.2170704647299492,291,94,106,38,12,38,3,8975
Linda Halderman,0.5613207547169812,0.1509433962264151,0.1320754716981132,0.14151536435657386,0.12412387936635237,55,12,22,14,2,5,0,8928
Elaine Alquist,0.388453500522466,0.3204806687565308,0.3371821664925113,0.21014242818445347,0.2456349729641405,285,53,139,6,43,43,1,8975
Jared Huffman,0.2609950505385456,0.19016125664738465,0.21950800142465887,0.12969637702042436,0.18336547871669298,387,39,174,33,38,101,2,8975
Cameron Smyth,0.717437919347029,0.5982568997717369,0.6106730303659127,0.4139439713110151,0.5130669010006718,203,53,86,21,10,32,1,8975
Tony Strickland,0.47573839662447254,0.3871308016877637,0.3829113924050633,0.24058323098206782,0.28299473066464625,162,68,65,6,9,14,0,8975
Paul Cook,0.6285714285714286,0.39206349206349206,0.35158730158730156,0.2855441216989941,0.2792460665244486,174,42,77,25,8,20,2,8928
Jim Silva,0.5575163398692811,0.3010055304172951,0.2653720462543992,0.25365191779755897,0.21974772253618235,192,69,64,24,11,22,2,8975
Bill Berryhill,0.6979827684053036,0.5679203425682299,0.533457153175463,0.46527381623018693,0.3521793279111536,163,57,43,35,10,17,1,8975
Charles Calderon,0.12753930400989225,0.09644939056703764,0.10545839957604664,0.07425511759058293,0.07075134762099475,89,16,30,15,11,16,1,8975
Wilmer Carter,0.3419047619047619,0.25562770562770565,0.27794372294372294,0.1388270624180087,0.20347126822168432,279,38,113,32,29,67,0,8975
Mike Eng,0.33749290981281904,0.08057603831852272,0.12047015818995399,0.08690501982615265,0.13857831083362881,211,35,87,12,50,27,0,8975
Nathan Fletcher,0.592928710906239,0.4697493517718237,0.46283491789109765,0.34830756560666015,0.3205977245595046,208,62,86,30,8,21,1,8975
Warren Furutani,0.15689093348667818,0.07571401188422465,0.09986582327007859,0.056300715890333856,0.07622571564472752,169,41,61,18,27,21,1,8975
Dave Jones,0.31432589366721103,0.1627653783342406,0.13087461440754855,0.10912199060251483,0.1087940240782475,212,36,80,26,40,30,0,8975
Chris Norby,0.454066985645933,0.23157894736842105,0.24066985645933014,0.17789750444325453,0.17298503796334985,74,28,15,19,1,11,0,8928
Joseph Simitian,0.3039927404718693,0.26058681185722926,0.26935874168179064,0.1516073734694221,0.2249932932380646,115,10,58,0,18,28,1,8928
Betsy Butler,0.1693548387096774,0.0967741935483871,0.13709677419354838,0.07083174586894042,0.08851737312857393,124,9,77,7,8,22,1,4245
Juan Vargas,0.3465346534653465,0.25742574257425743,0.297029702970297,0.17083906425864792,0.22253429749540338,101,25,47,9,11,9,0,4245
Robert Dutton,0.22728516694033934,0.11685823754789272,0.08524904214559387,0.092581668955547,0.0691132522466456,172,106,35,10,6,15,0,8975
Martin Garrick,0.6448344748858448,0.4988584474885845,0.4539098173515982,0.42591927570805166,0.29511636665663077,170,75,41,29,7,17,1,8975
Tom Harman,0.3399193399193399,0.24675324675324675,0.20675620675620676,0.1626516979810385,0.1615481095948621,191,74,71,18,8,20,0,8975
David Valadao,0.6,0.2909090909090909,0.2,0.1806053814049268,0.18999039029748166,55,17,15,17,1,5,0,4245
Doug La Malfa,0.25728155339805825,0.20388349514563106,0.1650485436893204,0.1374956779124177,0.13370507986219843,104,52,31,10,5,5,1,8928
Sam Blakeslee,0.3577294251633399,0.2789066714619673,0.2548102859197986,0.19237539316818722,0.1848866271169976,151,53,54,13,7,24,0,8975
Hector De La Torre,0.1962025316455696,0.10126582278481013,0.11392405063291139,0.06674667890230067,0.09740923176826828,158,17,45,21,17,58,0,4683
Mary Salas,0.5909722222222222,0.4284722222222222,0.4388888888888889,0.30257984387569986,0.3629405651397278,149,42,56,2,27,22,0,4730
Van Tran,0.7875,0.73125,0.7125,0.4581564515247166,0.5974183501408111,83,28,36,5,3,10,1,4730
Lori Saldana,0.660377358490566,0.5943396226415094,0.6320754716981132,0.2961240695173855,0.44877517006835355,107,15,39,2,31,20,0,4730
Gloria Romero,0.6799999999999999,0.632,0.648,0.31100784891437067,0.4780474166685287,126,38,49,1,18,20,0,4730
Anthony Adams,0.625,0.3409090909090909,0.3181818181818182,0.24779178440090507,0.23557280333170566,88,22,38,7,8,13,0,4683
Karen Bass,0.1917808219178082,0.0821917808219178,0.1506849315068493,0.07695229744278247,0.09065009724052768,73,21,25,3,12,12,0,4683
Joe Coto,0.5526315789473684,0.3026315789473684,0.3421052631578947,0.20807552364097281,0.2893915976515024,117,24,52,6,13,21,1,4730
Danny Gilmore,0.8103448275862069,0.7155172413793103,0.6681034482758621,0.49595510052081815,0.46015081358809257,118,36,45,9,9,19,0,4730
Audra Strickland,0.7746478873239437,0.7112676056338028,0.704225352112676,0.3798914122480749,0.5192504788551914,72,26,29,8,2,7,0,4730
Tom Torlakson,0.1434108527131783,0.08139534883720931,0.10077519379844961,0.058476366260495745,0.07709506100044135,130,35,44,7,23,21,0,4730
Alberto Torrico,0.6772727272727272,0.6181818181818182,0.6272727272727272,0.3650978350499881,0.520673226967663,112,27,37,6,15,27,0,4730
Michael Villines,0.7537313432835822,0.6865671641791045,0.664179104477612,0.3539528314461346,0.4962094720602023,68,26,21,11,1,9,0,4730
Denise Ducheny,0.15784832451499117,0.13624338624338622,0.13624338624338622,0.07508863743099058,0.09892652861337387,169,18,48,17,21,64,1,4730
George Runner,0.4441747572815534,0.39563106796116504,0.38106796116504854,0.21077447166184501,0.2783054698565325,105,43,43,3,7,9,0,4730
Patricia Wiggins,0.7364341085271318,0.2054263565891473,0.20930232558139536,0.2218941548377848,0.3058691366996472,130,28,70,2,13,17,0,4730
Paul Krekorian,0.6442307692307692,0.125,0.14423076923076922,0.17079373617835156,0.24111697329259082,53,11,23,6,7,6,0,4730
Ira Ruskin,0.5884146341463414,0.28963414634146345,0.3018292682926829,0.19322541895345174,0.29712659289917925,166,18,63,18,15,52,0,4730
Juan Arambula,0.625,0.5944444444444444,0.5833333333333333,0.35922306505357704,0.5085904745445993,183,28,57,24,18,56,0,4730
Chuck de Vore,0.6828947368421052,0.5776315789473685,0.5052631578947369,0.39815082946923475,0.420658418766724,81,30,30,6,6,9,0,4730
Pedro Nava,0.43695652173913047,0.40217391304347827,0.38913043478260867,0.21253260852445638,0.29006801536941856,117,27,47,7,17,19,0,4730
Dean Florez,0.7357723577235773,0.5284552845528455,0.5528455284552846,0.37740472186389473,0.42317869768393124,126,28,56,2,23,17,0,4730
Abel Maldonado,0.8170731707317074,0.7439024390243902,0.7134146341463414,0.40651930824418897,0.5400610917509383,83,39,37,0,1,6,0,4730
Jeff Denham,0.3153153153153153,0.24774774774774774,0.22072072072072071,0.1662313222095831,0.1704128027304724,114,51,47,5,4,7,0,4730
John Benoit,0.4378531073446328,0.403954802259887,0.37853107344632764,0.23158665671101192,0.27672114486570604,62,26,28,0,2,6,0,4730
Roy Ashburn,0.7473684210526316,0.7263157894736842,0.7,0.39196566196141125,0.5102177063987849,96,39,38,6,2,11,0,4730
Dave Cogdill,0.7402597402597403,0.6818181818181819,0.6558441558441559,0.35387957962421546,0.4863056418521767,78,26,36,5,2,9,0,4730
Dave Cox,0.553921568627451,0.48039215686274506,0.446078431372549,0.2647452639716067,0.34361530642816174,104,35,48,6,6,9,0,4730
Michael Duvall,0.19230769230769232,0.10256410256410256,0.10256410256410256,0.07953398453398454,0.07663636781576981,42,21,7,6,1,7,0,4730
Dennis Hollingsworth,0.15,0.10625,0.08125,0.07875603973945429,0.06937125371479297,81,39,22,4,3,13,0,4730
Samuel Aanestad,0.21212121212121213,0.19696969696969696,0.1590909090909091,0.1188707967117058,0.13873972497208406,67,26,30,3,3,5,0,4730
Jenny Oropeza,0.176056338028169,0.16901408450704225,0.176056338028169,0.08183825173261793,0.13503788174194334,72,13,32,2,11,14,0,4730
